<?xml version="1.0" encoding="UTF-8"?>
<project-private xmlns="http://www.netbeans.org/ns/project-private/1">
    <editor-bookmarks xmlns="http://www.netbeans.org/ns/editor-bookmarks/2" lastBookmarkId="0"/>
    <open-files xmlns="http://www.netbeans.org/ns/projectui-open-files/2">
        <group>
            <file>file:/C:/kv/estudio/universidad/ufg/2022%20ciclo%20ii/lenguaje%20de%20maquina%20ldm0/unidad%202/semana%209%20(12%20de%20septiembre%20-%2018%20de%20septiembre)/Subir%20Ejercicio%20persistencia%202/POOpersistencia/src/poopersistencia/POOpersistencia.java</file>
            <file>file:/C:/kv/estudio/universidad/ufg/2022%20ciclo%20ii/lenguaje%20de%20maquina%20ldm0/unidad%202/semana%209%20(12%20de%20septiembre%20-%2018%20de%20septiembre)/Subir%20Ejercicio%20persistencia%202/POOpersistencia/src/Personas/Empleado.java</file>
            <file>file:/C:/kv/estudio/universidad/ufg/2022%20ciclo%20ii/lenguaje%20de%20maquina%20ldm0/unidad%202/semana%209%20(12%20de%20septiembre%20-%2018%20de%20septiembre)/Subir%20Ejercicio%20persistencia%202/POOpersistencia/src/Conexion/ConexionMySQL.java</file>
        </group>
    </open-files>
</project-private>
